{"cameraMode":{"drawMode":0,"name":"Shaded","section":"Shading Mode"},"sceneLighting":true,"audioPlay":false,"sceneViewState":{"showFog":true,"showMaterialUpdate":false,"showSkybox":true,"showFlares":true,"showImageEffects":true,"showParticleSystems":true},"in2DMode":false,"pivot":{"x":-19.50162124633789,"y":-2.889338493347168,"z":18.066192626953126},"rotation":{"x":0.21526415646076203,"y":-0.5133644938468933,"z":0.13482023775577546,"w":0.8197346329689026},"size":16.55337905883789,"orthographic":false}