{"cameraMode":{"drawMode":0,"name":"Shaded","section":"Shading Mode"},"sceneLighting":false,"audioPlay":false,"sceneViewState":{"showFog":true,"showMaterialUpdate":false,"showSkybox":false,"showFlares":true,"showImageEffects":true,"showParticleSystems":true},"in2DMode":false,"pivot":{"x":6.061887741088867,"y":27.392627716064454,"z":-7.492669105529785},"rotation":{"x":-0.13230033218860627,"y":-0.5074823498725891,"z":0.07919587939977646,"w":-0.8477556705474854},"size":46.26941680908203,"orthographic":false}