{"cameraMode":{"drawMode":0,"name":"Shaded","section":"Shading Mode"},"sceneLighting":false,"audioPlay":false,"sceneViewState":{"showFog":true,"showMaterialUpdate":false,"showSkybox":false,"showFlares":true,"showImageEffects":true,"showParticleSystems":true},"in2DMode":false,"pivot":{"x":-0.444976806640625,"y":0.58241206407547,"z":0.41436028480529787},"rotation":{"x":-0.056008175015449527,"y":0.30272185802459719,"z":-0.01782354712486267,"w":-0.9512647986412048},"size":4.357883930206299,"orthographic":false}