{"cameraMode":{"drawMode":0,"name":"Shaded","section":"Shading Mode"},"sceneLighting":false,"audioPlay":false,"sceneViewState":{"showFog":true,"showMaterialUpdate":false,"showSkybox":false,"showFlares":true,"showImageEffects":true,"showParticleSystems":true},"in2DMode":false,"pivot":{"x":-0.5256257057189941,"y":0.8774230480194092,"z":0.6024825572967529},"rotation":{"x":-0.14138798415660859,"y":0.6774699687957764,"z":-0.13507889211177827,"w":-0.7090890407562256},"size":7.956999778747559,"orthographic":false}