{"cameraMode":{"drawMode":0,"name":"Shaded","section":"Shading Mode"},"sceneLighting":false,"audioPlay":false,"sceneViewState":{"showFog":true,"showMaterialUpdate":false,"showSkybox":false,"showFlares":true,"showImageEffects":true,"showParticleSystems":true},"in2DMode":false,"pivot":{"x":17.96854019165039,"y":2.7993814945220949,"z":-9.202879905700684},"rotation":{"x":-0.13417311012744904,"y":0.6459833383560181,"z":-0.11675378680229187,"w":-0.7423495650291443},"size":2.8578836917877199,"orthographic":false}